timestamp,projectId,projectName,iterationId,iterationNumber,stepId,taskType,agent,model,inputTokens,outputTokens,totalTokens,costUsd,durationMs,operation,sessionId
2026-04-22T08:40:04.399Z,proj_1776847192658_clz2mby18,,,,,other,welcome-generator,claude-sonnet-4-6,3,330,333,0.0162848,11406,"Welcome the user back to their project. Mention:
- The project name: ""Managed Agents POC""
- Their co",welcome-proj_1776847192658_clz2mby18-1776847192992
2026-04-22T08:40:24.578Z,proj_1776847192658_clz2mby18,Managed Agents POC,,,,other,sprint-planner,claude-sonnet-4-6,8,894,902,0.15288500000000002,19240,SPRINT PLANNING - Generate NEXT PHASE for: Bare-bones proof of concept for Claude managed agents — b,sprint-generator-session
2026-04-22T08:40:24.582Z,proj_1776847192658_clz2mby18,,,,,planning,sprint-planner,claude-sonnet-4-6,8,894,902,0.15288500000000002,0,SPRINT PLANNING - Generate NEXT PHASE for: Bare-bones proof of concept for Claude managed agents — b,
2026-04-22T08:40:47.136Z,proj_1776847192658_clz2mby18,Managed Agents POC,,,,other,task-generator,claude-sonnet-4-6,6,1709,1715,0.08373525,22361,"Generate specific tasks for this sprint in the context of the actual project:

PROJECT TYPE: poc
PRO",task-generator-session
2026-04-22T08:41:07.168Z,proj_1776847192658_clz2mby18,Managed Agents POC,,,,other,task-generator,claude-sonnet-4-6,6,1435,1441,0.07266225000000001,20022,"Generate specific tasks for this sprint in the context of the actual project:

PROJECT TYPE: poc
PRO",task-generator-session
2026-04-22T08:41:37.347Z,proj_1776847192658_clz2mby18,Managed Agents POC,,,,other,task-generator,claude-sonnet-4-6,6,2004,2010,0.09105875000000001,30171,"Generate specific tasks for this sprint in the context of the actual project:

PROJECT TYPE: poc
PRO",task-generator-session
2026-04-22T08:46:22.313Z,proj_1776847192658_clz2mby18,Managed Agents POC,,,,other,sprint-planner,claude-sonnet-4-6,6,336,342,0.018599,10911,SPRINT PLANNING - Generate NEXT PHASE for: Bare-bones proof of concept for Claude managed agents — b,sprint-generator-session
2026-04-22T08:46:22.317Z,proj_1776847192658_clz2mby18,,,,,planning,sprint-planner,claude-sonnet-4-6,6,336,342,0.018599,0,SPRINT PLANNING - Generate NEXT PHASE for: Bare-bones proof of concept for Claude managed agents — b,
2026-04-22T08:46:54.641Z,proj_1776847192658_clz2mby18,Managed Agents POC,,,,other,task-generator,claude-sonnet-4-6,6,2456,2462,0.101882,32311,"Generate specific tasks for this sprint in the context of the actual project:

PROJECT TYPE: poc
PRO",task-generator-session
2026-04-22T08:47:25.880Z,proj_1776847192658_clz2mby18,Managed Agents POC,,,,other,task-generator,claude-sonnet-4-6,6,2174,2180,0.09519875000000001,31228,"Generate specific tasks for this sprint in the context of the actual project:

PROJECT TYPE: poc
PRO",task-generator-session
2026-04-22T08:50:32.368Z,proj_1776847192658_clz2mby18,Managed Agents POC,,,,other,autopilot-manager,claude-sonnet-4-6,3,879,882,0.0780473,15773,"## Template Steps
  0. id=""project-definition"" ""Concept"" [approved] — template: form-input ⚠ REQUIRE",autopilot-flight-plan-mo9tb9t1
2026-04-22T08:52:22.241Z,proj_1776847192658_clz2mby18,Managed Agents POC,,,,other,execution-planner,claude-sonnet-4-6,11,7774,7785,0.32831825000000003,105807,"# SPRINT EXECUTION PLANNING

## Project Context:
**Project**: Bare-bones proof of concept for Claude",sprint-execution-session
2026-04-22T08:52:22.245Z,proj_1776847192658_clz2mby18,,,,,planning,sprint-execution-planner,claude-sonnet-4-6,11,7774,7785,0.32831825000000003,0,"# SPRINT EXECUTION PLANNING

## Project Context:
**Project**: Bare-bones proof of concept for Claude",
2026-04-22T08:56:10.463Z,proj_1776847192658_clz2mby18,,,,development,coding,vibing-agent-service,claude-opus-4-6,35,11068,11103,0.9231927499999999,228108,Execute the sprint tasks as described in the system prompt. Read the project files for any additiona,sprint-execution-sprint_1776847582318_1-1776847942252
2026-04-22T08:56:30.196Z,proj_1776847192658_clz2mby18,,,,development,coding,vibing-agent-service,claude-opus-4-6,5,357,362,0.0903785,19724,"SYSTEM: POST-TASK VALIDATION REQUIRED.

Before reporting completion, you must validate your changes:",sprint-execution-sprint_1776847582318_1-1776847942252
2026-04-22T08:57:36.567Z,proj_1776847192658_clz2mby18,,,,development,coding,vibing-agent-service,claude-opus-4-6,1853,3403,5256,0.20695225,63740,Review the code in /Users/raminhedayatpour/Documents/VibeProjects/ramin-hedayatpour-BFP27fWc/managed,reviewer-proj_1776847192658_clz2mby18-1776848192825
2026-04-22T08:59:45.236Z,proj_1776847192658_clz2mby18,Managed Agents POC,,,,other,execution-planner,claude-sonnet-4-6,10,8958,8968,0.36028875000000005,121437,"# SPRINT EXECUTION PLANNING

## Project Context:
**Project**: Bare-bones proof of concept for Claude",sprint-execution-session
2026-04-22T08:59:45.238Z,proj_1776847192658_clz2mby18,,,,,planning,sprint-execution-planner,claude-sonnet-4-6,10,8958,8968,0.36028875000000005,0,"# SPRINT EXECUTION PLANNING

## Project Context:
**Project**: Bare-bones proof of concept for Claude",
2026-04-22T09:01:29.073Z,proj_1776847192658_clz2mby18,Managed Agents POC,,,1,chat,manager-claude-code,claude-sonnet-4-6,10,1068,1078,0.14125185,29536,"[CURRENT CONTEXT: Step 2/undefined - ""Development""]

How do we test this",manager-session-proj_1776847192658_clz2mby18
2026-04-22T09:01:29.120Z,proj_1776847192658_clz2mby18,,,,,chat,project-manager,claude-sonnet-4-6,10,1068,1078,0.14125185,0,How do we test this,
2026-04-22T09:01:33.772Z,proj_1776847192658_clz2mby18,,,,development,coding,vibing-agent-service,claude-opus-4-6,5,2984,2989,0.1446015,57162,Review the code in /Users/raminhedayatpour/Documents/VibeProjects/ramin-hedayatpour-BFP27fWc/managed,reviewer-proj_1776847192658_clz2mby18-1776848436591
2026-04-22T09:03:15.404Z,proj_1776847192658_clz2mby18,Managed Agents POC,,,1,chat,manager-claude-code,claude-sonnet-4-6,4,228,232,0.2061522,14178,"[CURRENT CONTEXT: Step 2/undefined - ""Development""]

Wait this is not what I wanted I need a web app",manager-session-proj_1776847192658_clz2mby18
2026-04-22T09:03:15.452Z,proj_1776847192658_clz2mby18,,,,,chat,project-manager,claude-sonnet-4-6,4,228,232,0.2061522,0,Wait this is not what I wanted I need a web app that can spawn an agent in the managed agents of cla,
2026-04-22T09:03:28.185Z,proj_1776847192658_clz2mby18,,,,development,coding,vibing-agent-service,claude-opus-4-6,33,9334,9367,0.9181834999999999,222929,Execute the sprint tasks as described in the system prompt. Read the project files for any additiona,sprint-execution-sprint_1776847582318_2-1776848385242
2026-04-22T09:03:42.720Z,proj_1776847192658_clz2mby18,,,,development,coding,vibing-agent-service,claude-opus-4-6,4,474,478,0.07810225,14529,"SYSTEM: POST-TASK VALIDATION REQUIRED.

Before reporting completion, you must validate your changes:",sprint-execution-sprint_1776847582318_2-1776848385242
2026-04-22T09:04:08.676Z,proj_1776847192658_clz2mby18,Managed Agents POC,,,1,chat,manager-claude-code,claude-sonnet-4-6,6,191,197,0.2175123,10748,"[CURRENT CONTEXT: Step 2/undefined - ""Development""]

lets start with one agent then we can move into",manager-session-proj_1776847192658_clz2mby18
2026-04-22T09:04:08.735Z,proj_1776847192658_clz2mby18,,,,,chat,project-manager,claude-sonnet-4-6,6,191,197,0.2175123,0,lets start with one agent then we can move into multiple agent orchestration as a flow,
2026-04-22T09:04:41.860Z,proj_1776847192658_clz2mby18,Managed Agents POC,,,1,chat,manager-claude-code,claude-sonnet-4-6,5,800,805,0.11531595,23132,"[CURRENT CONTEXT: Step 2/undefined - ""Development""]

yes",manager-session-proj_1776847192658_clz2mby18
2026-04-22T09:04:41.940Z,proj_1776847192658_clz2mby18,,,,,chat,project-manager,claude-sonnet-4-6,5,800,805,0.11531595,0,yes,
2026-04-22T09:06:26.067Z,proj_1776847192658_clz2mby18,Managed Agents POC,,,,other,execution-planner,claude-sonnet-4-6,11,7887,7898,0.36097999999999997,105444,"# SPRINT EXECUTION PLANNING

## Project Context:
**Project**: Bare-bones proof of concept for Claude",sprint-execution-session
2026-04-22T09:06:26.076Z,proj_1776847192658_clz2mby18,,,,,planning,sprint-execution-planner,claude-sonnet-4-6,11,7887,7898,0.36097999999999997,0,"# SPRINT EXECUTION PLANNING

## Project Context:
**Project**: Bare-bones proof of concept for Claude",
2026-04-22T09:08:39.129Z,proj_1776847192658_clz2mby18,Managed Agents POC,,,1,chat,manager-claude-code,claude-sonnet-4-6,4,305,309,0.14870670000000002,12635,"[CURRENT CONTEXT: Step 2/undefined - ""Development""]

How do we test this now",manager-session-proj_1776847192658_clz2mby18
2026-04-22T09:08:39.182Z,proj_1776847192658_clz2mby18,,,,,chat,project-manager,claude-sonnet-4-6,4,305,309,0.14870670000000002,0,How do we test this now,
2026-04-22T09:09:10.933Z,proj_1776847192658_clz2mby18,,,,development,coding,vibing-agent-service,claude-opus-4-6,25,7125,7150,0.60106675,164812,Execute the sprint tasks as described in the system prompt. Read the project files for any additiona,sprint-execution-sprint_1776848679001_wpxntkzha-1776848786083
2026-04-22T09:09:40.345Z,proj_1776847192658_clz2mby18,Managed Agents POC,,,1,chat,manager-claude-code,claude-sonnet-4-6,6,1567,1573,0.23526344999999999,39782,"[CURRENT CONTEXT: Step 2/undefined - ""Development""]

wtf I keep tellin gyou this needs to be a web a",manager-session-proj_1776847192658_clz2mby18
2026-04-22T09:09:40.441Z,proj_1776847192658_clz2mby18,,,,,chat,project-manager,claude-sonnet-4-6,6,1567,1573,0.23526344999999999,0,wtf I keep tellin gyou this needs to be a web aop and you fucking keep adding othe fucking cli,
2026-04-22T09:09:41.798Z,proj_1776847192658_clz2mby18,,,,development,coding,vibing-agent-service,claude-opus-4-6,5,743,748,0.207297,30860,"SYSTEM: POST-TASK VALIDATION REQUIRED.

Before reporting completion, you must validate your changes:",sprint-execution-sprint_1776848679001_wpxntkzha-1776848786083
2026-04-22T09:10:39.390Z,proj_1776847192658_clz2mby18,,,,development,coding,vibing-agent-service,claude-opus-4-6,6,3236,3242,0.17759325,55180,Review the code in /Users/raminhedayatpour/Documents/VibeProjects/ramin-hedayatpour-BFP27fWc/managed,reviewer-proj_1776847192658_clz2mby18-1776848984162
2026-04-22T09:12:37.729Z,proj_1776847192658_clz2mby18,Managed Agents POC,,,,other,execution-planner,claude-sonnet-4-6,9,13048,13057,0.9767957500000001,180126,"# SPRINT EXECUTION PLANNING

## Project Context:
**Project**: Bare-bones proof of concept for Claude",sprint-execution-session
2026-04-22T09:12:37.732Z,proj_1776847192658_clz2mby18,,,,,planning,sprint-execution-planner,claude-sonnet-4-6,9,13048,13057,0.9767957500000001,0,"# SPRINT EXECUTION PLANNING

## Project Context:
**Project**: Bare-bones proof of concept for Claude",
2026-04-22T09:13:43.948Z,proj_1776847192658_clz2mby18,Managed Agents POC,,,,other,execution-planner,claude-sonnet-4-6,6,10003,10009,0.30589249999999996,133344,"# SPRINT EXECUTION PLANNING

## Project Context:
**Project**: Bare-bones proof of concept for Claude",sprint-execution-session
2026-04-22T09:13:43.956Z,proj_1776847192658_clz2mby18,,,,,planning,sprint-execution-planner,claude-sonnet-4-6,6,10003,10009,0.30589249999999996,0,"# SPRINT EXECUTION PLANNING

## Project Context:
**Project**: Bare-bones proof of concept for Claude",
2026-04-22T09:17:10.267Z,proj_1776847192658_clz2mby18,,,,development,coding,vibing-agent-service,claude-opus-4-6,47,13027,13074,1.1960627500000005,272476,Execute the sprint tasks as described in the system prompt. Read the project files for any additiona,sprint-execution-sprint_1776848975734_pof4ndyfo-1776849157738
2026-04-22T09:17:49.877Z,proj_1776847192658_clz2mby18,,,,development,coding,vibing-agent-service,claude-opus-4-6,6,1330,1336,0.3563755,39603,"SYSTEM: POST-TASK VALIDATION REQUIRED.

Before reporting completion, you must validate your changes:",sprint-execution-sprint_1776848975734_pof4ndyfo-1776849157738
2026-04-22T09:49:28.513Z,proj_1776847192658_clz2mby18,Managed Agents POC,,,,other,execution-planner,claude-sonnet-4-6,10,9815,9825,0.43421525,134902,"# SPRINT EXECUTION PLANNING

## Project Context:
**Project**: Bare-bones proof of concept for Claude",sprint-execution-session
2026-04-22T09:49:28.520Z,proj_1776847192658_clz2mby18,,,,,planning,sprint-execution-planner,claude-sonnet-4-6,10,9815,9825,0.43421525,0,"# SPRINT EXECUTION PLANNING

## Project Context:
**Project**: Bare-bones proof of concept for Claude",
2026-04-22T09:57:48.594Z,proj_1776847192658_clz2mby18,Managed Agents POC,,,1,chat,manager-claude-code,claude-sonnet-4-6,10,826,836,0.11907385,23461,"[CURRENT CONTEXT: Step 2/undefined - ""Development""]

How do we configure this with api key",manager-session-proj_1776847192658_clz2mby18
2026-04-22T09:57:48.676Z,proj_1776847192658_clz2mby18,,,,,chat,project-manager,claude-sonnet-4-6,10,826,836,0.11907385,0,How do we configure this with api key,
2026-04-22T09:58:45.209Z,proj_1776847192658_clz2mby18,Managed Agents POC,,,1,chat,manager-claude-code,claude-sonnet-4-6,4,560,564,0.2665497,17328,"[CURRENT CONTEXT: Step 2/undefined - ""Development""]

make the file for me",manager-session-proj_1776847192658_clz2mby18
2026-04-22T09:58:45.275Z,proj_1776847192658_clz2mby18,,,,,chat,project-manager,claude-sonnet-4-6,4,560,564,0.2665497,0,make the file for me,
2026-04-22T09:59:20.778Z,proj_1776847192658_clz2mby18,,,,development,coding,vibing-agent-service,claude-opus-4-6,82,19124,19206,2.2749625000000004,592141,Execute the sprint tasks as described in the system prompt. Read the project files for any additiona,sprint-execution-sprint_1776848977352_jcdscsrps-1776851368527
2026-04-22T10:01:45.843Z,proj_1776847192658_clz2mby18,,,,development,coding,vibing-agent-service,claude-opus-4-6,16,3374,3390,0.52441575,145048,SYSTEM VERIFICATION FAILED: The development server at http://localhost:5173 is NOT responding. Your ,sprint-execution-sprint_1776848977352_jcdscsrps-1776851368527
2026-04-22T10:02:32.411Z,proj_1776847192658_clz2mby18,,,,development,coding,vibing-agent-service,claude-opus-4-6,7,683,690,0.06910725000000001,46481,"SYSTEM: POST-TASK VALIDATION REQUIRED.

Before reporting completion, you must validate your changes:",sprint-execution-sprint_1776848977352_jcdscsrps-1776851368527
2026-04-22T10:05:52.374Z,proj_1776847192658_clz2mby18,,,,development,coding,vibing-agent-service,claude-opus-4-6,9,4778,4787,0.489672,196744,Review the code in /Users/raminhedayatpour/Documents/VibeProjects/ramin-hedayatpour-BFP27fWc/managed,reviewer-proj_1776847192658_clz2mby18-1776852155588
2026-04-22T11:12:49.084Z,proj_1776847192658_clz2mby18,Managed Agents POC,,,1,chat,manager-claude-code,claude-sonnet-4-6,12,804,816,0.15011010000000002,24039,"[CURRENT CONTEXT: Step 2/undefined - ""Development""]

create a .env file ",manager-session-proj_1776847192658_clz2mby18
2026-04-22T11:12:49.175Z,proj_1776847192658_clz2mby18,,,,,chat,project-manager,claude-sonnet-4-6,12,804,816,0.15011010000000002,0,create a .env file ,
2026-04-22T11:13:20.217Z,proj_1776847192658_clz2mby18,Managed Agents POC,,,development,coding,coder-quick-fix,claude-opus-4-6,14,1267,1281,0.19936924999999997,33675,"Create a .env file in the project root with the following content:

ANTHROPIC_API_KEY=your_api_key_h",quick-fix-proj_1776847192658_clz2mby18
2026-04-22T11:13:46.879Z,proj_1776847192658_clz2mby18,,,,development,coding,coder-quick-fix,claude-opus-4-6,6,523,529,0.0557445,26628,"SYSTEM: POST-TASK VALIDATION REQUIRED.

Before reporting completion, you must validate your changes:",quick-fix-proj_1776847192658_clz2mby18
2026-04-22T11:15:24.233Z,proj_1776847192658_clz2mby18,Managed Agents POC,,,1,chat,manager-claude-code,claude-sonnet-4-6,8,329,337,0.08661525,13596,"[CURRENT CONTEXT: Step 2/undefined - ""Development""]

restart the server",manager-session-proj_1776847192658_clz2mby18
2026-04-22T11:15:24.360Z,proj_1776847192658_clz2mby18,,,,,chat,project-manager,claude-sonnet-4-6,8,329,337,0.08661525,0,restart the server,
2026-04-22T11:15:50.082Z,proj_1776847192658_clz2mby18,Managed Agents POC,,,development,coding,devserver-agent,claude-opus-4-6,4,154,158,0.027303,9836,Start the dev server for this project on port 5002. Read package.json first.,devserver-proj_1776847192658_clz2mby18
2026-04-22T11:15:50.857Z,proj_1776847192658_clz2mby18,Managed Agents POC,,,development,coding,devserver-agent,claude-opus-4-6,10,1944,1954,0.157214,59888,Start the dev server for this project on port 5002. Read package.json first.,devserver-proj_1776847192658_clz2mby18
2026-04-22T11:15:56.222Z,proj_1776847192658_clz2mby18,Managed Agents POC,,,development,coding,devserver-agent,claude-opus-4-6,7,798,805,0.08112050000000001,33709,Start the dev server for this project on port 5002. Read package.json first.,devserver-proj_1776847192658_clz2mby18
2026-04-22T11:15:57.086Z,proj_1776847192658_clz2mby18,,,,development,coding,devserver-agent,claude-opus-4-6,3,58,61,0.012448,7001,"SYSTEM: POST-TASK VALIDATION REQUIRED.

Before reporting completion, you must validate your changes:",devserver-proj_1776847192658_clz2mby18
2026-04-22T11:17:15.673Z,proj_1776847192658_clz2mby18,Managed Agents POC,,,1,chat,manager-claude-code,claude-sonnet-4-6,8,333,341,0.07895445000000001,17291,"[CURRENT CONTEXT: Step 1/undefined - ""Concept""]

restart server",manager-session-proj_1776847192658_clz2mby18
2026-04-22T11:17:15.745Z,proj_1776847192658_clz2mby18,,,,,chat,project-manager,claude-sonnet-4-6,8,333,341,0.07895445000000001,0,restart server,
2026-04-22T11:17:59.593Z,proj_1776847192658_clz2mby18,Managed Agents POC,,,1,chat,manager-claude-code,claude-sonnet-4-6,10,782,792,0.122355,23072,"[CURRENT CONTEXT: Step 1/undefined - ""Concept""]

Error: 401 {""type"":""error"",""error"":{""type"":""authent",manager-session-proj_1776847192658_clz2mby18
2026-04-22T11:18:24.589Z,proj_1776847192658_clz2mby18,Managed Agents POC,,,development,coding,devserver-agent,claude-opus-4-6,14,2758,2772,0.21907525000000003,71577,Start the dev server for this project on port 5002. Read package.json first.,devserver-proj_1776847192658_clz2mby18
2026-04-22T11:24:50.260Z,proj_1776847192658_clz2mby18,Managed Agents POC,,,1,chat,manager-claude-code,claude-sonnet-4-6,137,4232,4369,0.19425404999999998,84021,"[CURRENT CONTEXT: Step 1/undefined - ""Concept""]

Hey this agent is not running as a managed agent. I",manager-session-proj_1776847192658_clz2mby18
2026-04-22T11:24:50.370Z,proj_1776847192658_clz2mby18,,,,,chat,project-manager,claude-sonnet-4-6,137,4232,4369,0.19425404999999998,0,Hey this agent is not running as a managed agent. I think this is just an api call. did I not ask fo,
2026-04-22T11:31:00.824Z,proj_1776847192658_clz2mby18,Managed Agents POC,,,1,chat,manager-claude-code,claude-sonnet-4-6,9,2047,2056,0.1516719,47180,"[CURRENT CONTEXT: Step 1/undefined - ""Concept""]

here is what I'm looking for: 

The user attached a",manager-session-proj_1776847192658_clz2mby18
2026-04-22T11:31:00.906Z,proj_1776847192658_clz2mby18,,,,,chat,project-manager,claude-sonnet-4-6,9,2047,2056,0.1516719,0,"here is what I'm looking for: 

The user attached a large paste (Console output, 3722 characters, 97",
2026-04-22T11:38:28.226Z,proj_1776847192658_clz2mby18,Managed Agents POC,,,development,coding,coder-quick-fix,claude-opus-4-6,36,19550,19586,1.85071175,450971,Refactor the entire agent implementation to use the Anthropic Managed Agents API instead of the curr,quick-fix-proj_1776847192658_clz2mby18
2026-04-22T11:38:54.905Z,proj_1776847192658_clz2mby18,,,,development,coding,coder-quick-fix,claude-opus-4-6,7,552,559,0.23608400000000002,26633,"SYSTEM: POST-TASK VALIDATION REQUIRED.

Before reporting completion, you must validate your changes:",quick-fix-proj_1776847192658_clz2mby18
2026-04-22T12:04:43.239Z,proj_1776847192658_clz2mby18,Managed Agents POC,,,1,chat,manager-claude-code,claude-sonnet-4-6,17,3433,3450,0.21767609999999998,95903,"[CURRENT CONTEXT: Step 2/undefined - ""Development""]

yes let me start a new phase and add it there",manager-session-proj_1776847192658_clz2mby18
2026-04-22T12:04:43.492Z,proj_1776847192658_clz2mby18,,,,,chat,project-manager,claude-sonnet-4-6,17,3433,3450,0.21767609999999998,0,yes let me start a new phase and add it there,
2026-04-22T12:05:40.218Z,proj_1776847192658_clz2mby18,Managed Agents POC,,,1,chat,manager-claude-code,claude-sonnet-4-6,27,6861,6888,0.35894884999999993,185967,"[CURRENT CONTEXT: Step 2/undefined - ""Development""]

Great this poc is working. now let's build on i",manager-session-proj_1776847192658_clz2mby18
2026-04-22T12:05:40.402Z,proj_1776847192658_clz2mby18,,,,,chat,project-manager,claude-sonnet-4-6,27,6861,6888,0.35894884999999993,0,"Great this poc is working. now let's build on it this way: 

The user attached a large paste (Consol",
2026-04-22T12:08:09.787Z,proj_1776847192658_clz2mby18,Managed Agents POC,,,,other,execution-planner,claude-sonnet-4-6,20,12216,12236,0.69300675,185421,"# SPRINT EXECUTION PLANNING

## Project Context:
**Project**: Bare-bones proof of concept for Claude",sprint-execution-session
2026-04-22T12:08:09.797Z,proj_1776847192658_clz2mby18,,,,,planning,sprint-execution-planner,claude-sonnet-4-6,20,12216,12236,0.69300675,0,"# SPRINT EXECUTION PLANNING

## Project Context:
**Project**: Bare-bones proof of concept for Claude",
2026-04-22T12:17:18.553Z,proj_1776847192658_clz2mby18,,,,development,coding,vibing-agent-service,claude-opus-4-6,59,25069,25128,2.25574875,548645,Execute the sprint tasks as described in the system prompt. Read the project files for any additiona,sprint-execution-sprint_1776859502627_xl1x1oxrz-1776859689816
2026-04-22T12:17:45.420Z,proj_1776847192658_clz2mby18,,,,development,coding,vibing-agent-service,claude-opus-4-6,5,669,674,0.1414615,26857,"SYSTEM: POST-TASK VALIDATION REQUIRED.

Before reporting completion, you must validate your changes:",sprint-execution-sprint_1776859502627_xl1x1oxrz-1776859689816
2026-04-22T12:19:37.192Z,proj_1776847192658_clz2mby18,,,,development,coding,vibing-agent-service,claude-opus-4-6,798,6547,7345,0.518561,108501,Review the code in /Users/raminhedayatpour/Documents/VibeProjects/ramin-hedayatpour-BFP27fWc/managed,reviewer-proj_1776847192658_clz2mby18-1776860268604
2026-04-22T12:20:34.674Z,proj_1776847192658_clz2mby18,Managed Agents POC,,,,other,autopilot-manager,claude-sonnet-4-6,3,1583,1586,0.09279204999999999,22763,"## Template Steps
  0. id=""project-definition"" ""Concept"" [approved] — template: form-input ⚠ REQUIRE",autopilot-flight-plan-moa0t8d0
2026-04-22T12:23:10.141Z,proj_1776847192658_clz2mby18,Managed Agents POC,,,,other,execution-planner,claude-sonnet-4-6,12,10408,10420,0.5269597500000001,151287,"# SPRINT EXECUTION PLANNING

## Project Context:
**Project**: Bare-bones proof of concept for Claude",sprint-execution-session
2026-04-22T12:23:10.145Z,proj_1776847192658_clz2mby18,,,,,planning,sprint-execution-planner,claude-sonnet-4-6,12,10408,10420,0.5269597500000001,0,"# SPRINT EXECUTION PLANNING

## Project Context:
**Project**: Bare-bones proof of concept for Claude",
2026-04-22T12:35:48.802Z,proj_1776847192658_clz2mby18,,,,development,coding,vibing-agent-service,claude-opus-4-6,93,29340,29433,3.5981867000000003,758549,Execute the sprint tasks as described in the system prompt. Read the project files for any additiona,sprint-execution-sprint_1776859435364_0pxr3ohtw-1776860590150
2026-04-22T12:39:06.437Z,proj_1776847192658_clz2mby18,,,,development,coding,vibing-agent-service,claude-opus-4-6,10,7078,7088,0.63112775,122057,Review the code in /Users/raminhedayatpour/Documents/VibeProjects/ramin-hedayatpour-BFP27fWc/managed,reviewer-proj_1776847192658_clz2mby18-1776861424270
2026-04-22T12:40:39.756Z,proj_1776847192658_clz2mby18,Managed Agents POC,,,,other,execution-planner,claude-sonnet-4-6,10,10549,10559,0.47453524999999996,146824,"# SPRINT EXECUTION PLANNING

## Project Context:
**Project**: Bare-bones proof of concept for Claude",sprint-execution-session
2026-04-22T12:40:39.761Z,proj_1776847192658_clz2mby18,,,,,planning,sprint-execution-planner,claude-sonnet-4-6,10,10549,10559,0.47453524999999996,0,"# SPRINT EXECUTION PLANNING

## Project Context:
**Project**: Bare-bones proof of concept for Claude",
2026-04-22T12:53:35.068Z,proj_1776847192658_clz2mby18,,,,development,coding,vibing-agent-service,claude-opus-4-6,74,31479,31553,3.185691300000002,775194,Execute the sprint tasks as described in the system prompt. Read the project files for any additiona,sprint-execution-sprint_1776859449619_j3167b634-1776861639767
2026-04-22T12:53:52.972Z,proj_1776847192658_clz2mby18,,,,development,coding,vibing-agent-service,claude-opus-4-6,4,486,490,0.10996600000000001,17892,"SYSTEM: POST-TASK VALIDATION REQUIRED.

Before reporting completion, you must validate your changes:",sprint-execution-sprint_1776859449619_j3167b634-1776861639767
2026-04-22T12:56:39.907Z,proj_1776847192658_clz2mby18,,,,development,coding,vibing-agent-service,claude-opus-4-6,835,9018,9853,0.7251664999999999,163832,Review the code in /Users/raminhedayatpour/Documents/VibeProjects/ramin-hedayatpour-BFP27fWc/managed,reviewer-proj_1776847192658_clz2mby18-1776862435963
2026-04-22T12:57:10.567Z,proj_1776847192658_clz2mby18,Managed Agents POC,,,,other,execution-planner,claude-sonnet-4-6,12,9065,9077,0.46056925000000004,135815,"# SPRINT EXECUTION PLANNING

## Project Context:
**Project**: Bare-bones proof of concept for Claude",sprint-execution-session
2026-04-22T12:57:10.571Z,proj_1776847192658_clz2mby18,,,,,planning,sprint-execution-planner,claude-sonnet-4-6,12,9065,9077,0.46056925000000004,0,"# SPRINT EXECUTION PLANNING

## Project Context:
**Project**: Bare-bones proof of concept for Claude",
2026-04-22T13:09:38.752Z,proj_1776847192658_clz2mby18,Managed Agents POC,,,,other,autopilot-manager,claude-sonnet-4-6,6,1577,1583,0.10396925,29299,"## Template Steps
  0. id=""project-definition"" ""Concept"" [approved] — template: form-input ⚠ REQUIRE",autopilot-flight-plan-moa2k70b
2026-04-22T13:25:32.263Z,proj_1776847192658_clz2mby18,Managed Agents POC,,,,other,autopilot-manager,claude-sonnet-4-6,7,1877,1884,0.0694017,45869,"## Template Steps
  0. id=""project-definition"" ""Concept"" [approved] — template: form-input ⚠ REQUIRE",autopilot-flight-plan-moa349z2
2026-04-22T13:27:55.995Z,proj_1776847192658_clz2mby18,Managed Agents POC,,,,other,execution-planner,claude-sonnet-4-6,59,9758,9817,0.46356575,139572,"# SPRINT EXECUTION PLANNING

## Project Context:
**Project**: Bare-bones proof of concept for Claude",sprint-execution-session
2026-04-22T13:27:55.999Z,proj_1776847192658_clz2mby18,,,,,planning,sprint-execution-planner,claude-sonnet-4-6,59,9758,9817,0.46356575,0,"# SPRINT EXECUTION PLANNING

## Project Context:
**Project**: Bare-bones proof of concept for Claude",
2026-04-22T13:40:06.763Z,proj_1776847192658_clz2mby18,,,,development,coding,vibing-agent-service,claude-opus-4-6,94,24286,24380,3.5706159999999993,730704,Execute the sprint tasks as described in the system prompt. Read the project files for any additiona,sprint-execution-sprint_1776859475690_olb7r2ol1-1776864476005
2026-04-22T13:40:47.791Z,proj_1776847192658_clz2mby18,,,,development,coding,vibing-agent-service,claude-opus-4-6,7,876,883,0.268615,41011,"SYSTEM: POST-TASK VALIDATION REQUIRED.

Before reporting completion, you must validate your changes:",sprint-execution-sprint_1776859475690_olb7r2ol1-1776864476005
